製作工具,名稱,名稱補充,製作時間,物等,寬高,需要材料,類別,完成後數量,圖片,限時,取得方式,備註
工作平台,泥菩薩,,15,3,,小泥菩薩像x1+和平拉麵x1,裝備,1,,,,
工作平台,椰子盆,,0,3,2x1,椰子x1,器具,1,,,,
工作平台,刨刀,,0,1,,頁岩x1+柳安木x1,器具,1,,,,
工作平台,石刀,,0,1,,頁岩x1+柳安木x1,器具,1,,,,
工作平台,椰子肉,,0,6,,椰子x1,食物,1,,,,
椰子盆,甜蜜巧克力,,1,24,,愛情可可豆x6+蘋果x6,食物,1,,,,
椰子盆,戀人巧克力,,1,12,,愛情可可豆x4+哈密瓜x4,食物,1,,,,
椰子盆,人情巧克力,,1,6,,愛情可可豆x2,食物,1,,,,
椰子盆,珍愛巧克力,,5,1,,愛情可可豆x10+愛情軟糖x1,食物,1,,,,
椰子盆,神奇眼藥水,,1,1,,透明膠質x1+染料x1+黃金眼淚x2,一般,1,,,,
椰子盆,染髮劑,,1,1,,染料x4,一般,1,,,,
椰子盆,變色面膜,,1,1,,白色黏土x1+染料x1+檸檬x1,一般,1,,,,
椰子盆,造型黏土,,4,1,,帳篷調色盤x4+紅色黏土x2+白色黏土x2+黃色黏土x2,一般,1,,,,
椰子盆,貼身衣物染色劑,,1,1,,透明膠質x1+染料x1+純淨水滴x2,一般,1,,,,
椰子盆,低溫窯,,1,2,4x4,白色黏土x4+柴薪x5,器具,1,,,,
椰子盆,草皮,,4,1,4x2,乾掉黏土x12+雜草x30+普通石塊x10+純水x6,傢俱,1,,,,
椰子盆,花圃,,6,2,4x3,草皮x1+純水x4+玫瑰花x8+乾掉黏土x12,傢俱,1,,,,
刨刀,木製釣勾,,0,1,,橡木材x1,零件,2,,,,
刨刀,木製小齒輪,,0,1,,柳安木材x1,零件,3,,,,
刨刀,高級釣具,,0,2,,竿子x1+木製釣勾x1+釣魚線x1,零件,1,,,,
刨刀,水瓢,,6,6,,橡木材x2+松脂x3+橡膠x3,零件,1,,,,
刨刀,竿子,,0,1,,竹子x1,零件,1,,,,
刨刀,木桶,,1,1,2x2,蔓草x2+柳安木材x2,零件,1,,,,
刨刀,繩梯,,10,1,,麻繩x6+柳安木材x12,零件,1,,,,
刨刀,造紙機,,1,1,3x4,柳安木材x4+藤蔓x4,器具,1,,,,
刨刀,紡紗機,,1,1,3x4,柳安木材x4+木製輪軸x2,器具,1,,,,
刨刀,織布機,,1,2,3x4,柳安木材x8,器具,1,,,,
刨刀,檜木浴桶,,1,10,3x3,檜木x6+麻繩x4,傢俱,1,,,,
刨刀,香精檜木浴桶,,2,9,3x3,檜木浴桶x1+綜合香精x1+水瓢x1,傢俱,1,,,,
石刀,木橋,,6,0,4x3,麻繩x3+柳安木x10,零件,1,,,,
石刀,生魚片,,0,5,,鮭魚x1,食物,1,,,,
石刀,握壽司,,0,4,,白米飯x1+鮭魚x1+柴薪x1,食物,1,,,,
石刀,鲑魚子握壽司,,0,6,,白米飯x1+鮭魚子x2+柴薪x1,食物,1,,,,
石刀,河豚生魚片,,0,5,,河豚x1+柴薪x1,食物,1,,,,
石刀,河豚握壽司,,0,7,,白米飯x1+河豚生魚片x1+柴薪x1,食物,1,,,,
石刀,木製輪軸,,0,2,2x1,柳安木材x1,零件,1,,,,
石刀,樹脂,,8,4,,柳安木x6,零件,1,,,,
石刀,柴薪,,0,1,,普通木材x1,零件,2,,,,
石刀,儲藏室,,1,5,3x5,柳安木材x5+普通木材x3,傢俱,1,,,,
石刀,普通木材,,0,2,,普通木頭,一般,2,,,,
石刀,橡木材,,0,4,,橡木,一般,2,,,,
石刀,柳安木材,,0,3,,柳安木,一般,2,,,,
石刀,檜木材,,0,5,,檜木,一般,2,,,,
石刀,獨木舟,,5,1,,柳安木材x5,交通工具,1,,,,
石刀,木筏,,3,2,,柳安木x5,交通工具,1,,,,
低溫窯,水管,,1,2,,壓克力板x1,零件,1,,,,
低溫窯,整流回線,,1,5,,銅線x1+電線x1+生橡膠x2+柴薪x1,零件,1,,,,
低溫窯,燃煤塊,,16,7,,煤碳x8+焦油x4,零件,1,,,,
低溫窯,木炭,,1,1,,柴薪x1,零件,1,,,,
低溫窯,磚塊,,1,1,,黏土x1+柴薪x1,零件,1,,,,
低溫窯,橡膠,,1,2,,生橡膠x2,零件,1,,,,
低溫窯,電線,,1,2,,銅線x2+生橡膠x2+柴薪x1,零件,1,,,,
低溫窯,殘魔毛皮,,2,5,,白狐狸毛x3+奇異鳥羽毛x6+羊毛x8+獸皮x5,零件,1,,,,
低溫窯,熔鐵爐,,2,2,3x4,黑色黏土x4+黃色黏土x2+鐵礦x1+柴薪x5,器具,1,,,,
低溫窯,磨刀石,,1,1,,灰色黏土x2+柴薪x2,器具,1,,,,
低溫窯,灶,,1,1,3x3,乾掉黏土x4+磚塊x8+柴薪x5,器具,1,,,,
低溫窯,煙燻器材,,1,2,2x2,黑色黏土x2+磚塊x4+柴薪x2,器具,1,,,,
低溫窯,煤油,,3,2,,煤球x4+石油x1,一般,1,,,,
草皮,鳳梨,,12,5,,有機肥料x1+鳳梨種籽x5,食物,10,,,,
草皮,大葡萄,,12,5,,有機肥料x1+大葡萄種籽x5,食物,10,,,,
草皮,大蘋果,,12,5,,有機肥料x1+大蘋果種籽x5,食物,10,,,,
草皮,大香瓜,,12,5,,有機肥料x1+大香瓜種籽x5,食物,10,,,,
草皮,大芒果,,12,5,,有機肥料x1+大芒果種籽x5,食物,10,,,,
造紙機,紙,,1,1,,紙沙草x2,零件,1,,,,
造紙機,壁紙,咖啡橘色,1,25,1x2,紙x5+生橡膠x2,傢俱,1,,,,
造紙機,壁紙,粉白色,1,25,1x2,紙x5+生橡膠x2,傢俱,1,,,,
造紙機,壁紙,綠白色,1,25,1x2,紙x5+生橡膠x2,傢俱,1,,,,
造紙機,壁紙,褐白色,1,25,1x2,紙x5+生橡膠x2,傢俱,1,,,,
造紙機,壁紙,紅磚頭,1,25,1x2,紙x5+生橡膠x2,傢俱,1,,,,
造紙機,字畫,橘色,5,3,1x3,紙x5+炭墨汁x1,傢俱,1,,,,
造紙機,字畫,藍色,5,3,1x3,紙x5+炭墨汁x1,傢俱,1,,,,
造紙機,壁紙,藍色點點,1,25,1x2,紙x5+生橡膠x2,傢俱,1,,,,
造紙機,壁紙,粉色點點,1,25,1x2,紙x5+生橡膠x2,傢俱,1,,,,
造紙機,壁紙,綠色點點,1,25,1x2,紙x5+生橡膠x2,傢俱,1,,,,
造紙機,壁紙,黃色,1,25,1x2,紙x5+生橡膠x2,傢俱,1,,,,
造紙機,壁紙,白色樹,1,25,1x2,紙x5+生橡膠x2,傢俱,1,,,,
造紙機,壁紙,綠橘格子,1,25,1x2,紙x5+生橡膠x2,傢俱,1,,,,
造紙機,壁紙,黃底黃花,1,25,1x2,紙x5+生橡膠x2,傢俱,1,,,,
造紙機,春聯,春,4,5,1x2,紙x5+炭墨汁x1,傢俱,1,,,,
造紙機,春聯,福,4,5,1x2,紙x5+炭墨汁x1,傢俱,1,,,,
造紙機,新年字畫,,5,5,1x4,紙x5+炭墨汁x1,傢俱,1,,,,
造紙機,新年爆竹,,5,5,1x3,紙x10+炭墨汁x1,傢俱,1,,,,
造紙機,壁紙,白底紅星,1,25,1x2,紙x5+生橡膠x2,傢俱,1,,,,
造紙機,壁紙,白底綠星,1,25,1x2,紙x5+生橡膠x2,傢俱,1,,,,
造紙機,星空壁紙,,2,25,1x2,雲母岩x5+黑曜岩x5+紙x5+生橡膠x2,傢俱,1,,,,
造紙機,雪花壁紙,,2,25,1x2,紙x5+生橡膠x2,傢俱,1,,,,
造紙機,壁紙,藍底雪人,1,25,1x2,紙x5+生橡膠x2,傢俱,1,,,,
造紙機,壁紙,藍色小花,1,25,1x2,紙x5+生橡膠x2,傢俱,1,,,,
造紙機,壁紙,黃色方格,1,25,1x2,紙x5+生橡膠x2,傢俱,1,,,,
造紙機,壁紙,番紅花,1,25,1x2,紙x5+生橡膠x2,傢俱,1,,,,
造紙機,壁紙,淺咖啡磚頭,1,25,1x2,紙x5+生橡膠x2,傢俱,1,,,,
造紙機,冰雪壁紙,,1,25,1x2,紙x5+生橡膠x2,傢俱,1,,,,
紡紗機,釣魚線,,1,1,,尼龍x5+棉線x3,零件,1,,,,
紡紗機,棉絮,,1,1,,棉花x2,零件,1,,,,
紡紗機,麻線,,1,1,,麻草x2,零件,1,,,,
紡紗機,麻繩,,1,1,,麻線x2,零件,1,,,,
紡紗機,棉線,,1,1,,棉花x1,零件,1,,,,
織布機,麻布,,1,2,,麻線x5,零件,1,,,,
織布機,棉布,,1,2,,棉線x2,零件,1,,,,
熔鐵爐,金屬齒輪,,3,4,,鋼材x1+柴薪x3,零件,1,,,,
熔鐵爐,圓鋸鋸片,,2,4,,熟鐵材x1+柴薪x2,零件,1,,,,
熔鐵爐,電纜線,,2,3,,鐵礦x2+柴薪x3+橡膠x3,零件,1,,,,
熔鐵爐,ㄇ字釘,,1,2,,熟鐵材x1+柴薪x2,零件,6,,,,
熔鐵爐,釘子,,2,1,,熟鐵材x1+柴薪x1,零件,6,,,,
熔鐵爐,漆包線,,2,2,,銅礦x1+橡膠x2+柴薪x2,零件,1,,,,
熔鐵爐,鐵絲,,2,2,,鐵礦x1+柴薪x1,零件,1,,,,
熔鐵爐,銅線,,1,2,,銅沙x2+柴薪x1,零件,1,,,,
熔鐵爐,鈦合金,,4,15,,木炭x5+硫磺x2+鋼材x3+金沙x2+白銀x1,零件,1,,,,
熔鐵爐,燈泡,,4,2,,玻璃x1+燈絲x2+鐵絲x3,零件,1,,,,
熔鐵爐,登陸腳架,,4,12,2x1,鋼材x4+連結齒輪組x1,零件,1,,,,
熔鐵爐,氫氣產生器,,4,14,2x2,稀硫酸x3+銅沙x3+熟鐵材x2+柴薪x2,零件,1,,,,
熔鐵爐,鐵板,,3,2,,熟鐵材x2,零件,1,,,,
熔鐵爐,合金,,5,2,,鋼材x1+銅板x1+鋁板x1,零件,1,,,,
熔鐵爐,高溫窯,,4,2,4x4,黃色黏土x5+灰色黏土x6+柴薪x4,器具,1,,,,
熔鐵爐,鍛鐵平台,,4,1,2x2,黑色黏土x2+熟鐵材x2+柴薪x6,器具,1,,,,
熔鐵爐,銅沙,,2,2,,銅礦x1+柴薪x2,一般,1,,,,
熔鐵爐,銅塊,,2,3,,銅礦x3+柴薪x4,一般,1,,,,
熔鐵爐,銅材,,2,4,,銅塊x2+柴薪x4,一般,1,,,,
熔鐵爐,鐵塊,,2,5,,鐵礦x3+柴薪x3,一般,1,,,,
熔鐵爐,鐵條,,2,6,,鐵礦x2+柴薪x3,一般,1,,,,
熔鐵爐,熟鐵材,,2,7,,鐵礦x2+柴薪x2,一般,1,,,,
熔鐵爐,錫塊,,2,4,,錫礦x3+柴薪x4,一般,1,,,,
熔鐵爐,錫材,,2,5,,錫塊x2+柴薪x3,一般,1,,,,
熔鐵爐,鉛塊,,2,4,,鉛礦x2+柴薪x2,一般,1,,,,
熔鐵爐,亞鉛塊,,2,6,,鉛塊x2+柴薪x3,一般,1,,,,
熔鐵爐,鋁塊,,2,5,,鋁礦x3+柴薪x4,一般,1,,,,
磨刀石,縫衣針,,1,1,,鐵絲x1,器具,3,,,,
灶,白米飯,,0,2,,稻米x1+柴薪x1,食物,1,,,,
灶,米酒,,0,3,,稻米x5+柴薪x1,食物,1,,,,
灶,米粉,,0,2,,稻米x2+柴薪x1,食物,1,,,,
灶,炒米粉,,0,3,,米粉x2+高麗菜x1+柴薪x1,食物,1,,,,
灶,海鮮炒米粉,,0,4,,米粉x2+高麗菜x1+蝦子x2+柴薪x1,食物,1,,,,
灶,肉絲米粉,,0,4,,米粉x2+高麗菜x1+豬肉x1+柴薪x1,食物,1,,,,
灶,香腸,,0,3,,豬肉x1+柴薪x1,食物,1,,,,
灶,熱狗,,0,3,,豬肉x2+柴薪x1,食物,1,,,,
灶,火腿,,0,3,,豬肉x3+柴薪x1,食物,1,,,,
灶,燒肉,,0,3,,豬肉x4+柴薪x1,食物,1,,,,
灶,麵包,,0,1,,大麥x2+柴薪x1,食物,1,,,,
灶,全麥麵包,,0,2,,大麥x3+柴薪x1,食物,1,,,,
灶,雜糧麵包,,0,4,,大麥x4+黑豆x5+紅豆x5+綠豆x5+柴薪x1,食物,1,,,,
灶,肉鬆麵包,,0,4,,大麥x4+豬肉x1+柴薪x1,食物,1,,,,
灶,丹麥麵包,,0,5,,大麥x4+豬肉x1+柴薪x1,食物,1,,,,
灶,法國麵包,,0,3,,大麥x5+柴薪x1,食物,1,,,,
灶,澳洲麵包,,0,3,,大麥x5+柴薪x1,食物,1,,,,
灶,包子,,0,4,,大麥x1+豬肉x1+柴薪x1,食物,1,,,,
灶,水煎包,,0,4,,大麥x1+豬肉x1+高麗菜x1+柴薪x1,食物,1,,,,
灶,湯包,,0,4,,大麥x1+豬肉x1+高麗菜x1+柴薪x1,食物,1,,,,
灶,小籠包,,0,4,,大麥x1+豬肉x2+高麗菜x1+蔥x1+柴薪x1,食物,1,,,,
灶,叉燒包,,0,5,,大麥x1+豬肉x2+高麗菜x2+蔥x1+柴薪x1,食物,1,,,,
灶,狗不理包子,,0,5,,大麥x1+豬肉x2+高麗菜x2+香菜x2+柴薪x1,食物,1,,,,
灶,饅頭,,0,1,,大麥x1+柴薪x1,食物,1,,,,
灶,山東饅頭,,0,1,,大麥x1+柴薪x1,食物,1,,,,
灶,雜糧饅頭,,0,3,,大麥x2+黑豆x5+紅豆x5+綠豆x5+柴薪x1,食物,1,,,,
灶,超級大饅頭,,0,4,,大麥x5+柴薪x1+大豆x6+芝麻油x2,食物,1,,,,
灶,水果酒,,0,6,,蘋果x2+水蜜桃x1+橘子x1+鳳梨x1,食物,1,,,,
灶,炸肉丸,,0,5,,豬肉x3+蔥x2+柴薪x1,食物,1,,,,
灶,起士,,0,5,,牛奶x2+柴薪x1,食物,1,,,,
灶,乳酸飲料,,0,3,,牛奶x4+柴薪x1,食物,1,,,,
灶,滑蛋布丁,,0,6,,牛奶x3+雞蛋x1+柴薪x1,食物,1,,,,
灶,溫泉蛋,,0,3,,雞蛋x1+柴薪x1,食物,1,,,,
灶,水煮蛋,,0,3,,雞蛋x1+柴薪x1+煮沸的水x1,食物,1,,,,
灶,荷包蛋,,0,3,,雞蛋x1+葵花油x1+柴薪x1,食物,1,,,,
灶,蛋炒飯,,0,5,,雞蛋x1+白米飯x2+柴薪x1,食物,1,,,,
灶,叉燒飯,,0,7,,白米飯x2+豬肉x1+蔥x2+空心菜x4+柴薪x1,食物,1,,,,
灶,排骨飯,,0,7,,白米飯x2+豬肉x1+蔥x2+地瓜葉x4+柴薪x1,食物,1,,,,
灶,魯肉飯,,0,6,,白米飯x2+豬肉x1+蔥x2+大蒜x4+柴薪x1,食物,1,,,,
灶,海鮮炒飯,,0,9,,白米飯x2+墨魚x2+蝦子x2+章魚x2+柴薪x1,食物,1,,,,
灶,滑蛋瘦肉粥,,0,9,,白米飯x2+鴨蛋x1+豬肉x1+柴薪x1,食物,1,,,,
灶,海鮮鍋,,0,8,,鵪鶉蛋x2+墨魚x2+蝦子x2+白菜x1+柴薪x1,食物,1,,,,
灶,可麗餅,,0,5,,雞蛋x1+麵粉x1+柴薪x1,食物,1,,,,
灶,水果可麗餅,,0,7,,雞蛋x1+麵粉x1+奇異果x4+芒果x4+柴薪x1,食物,1,,,,
灶,蔬菜可麗餅,,0,7,,雞蛋x1+麵粉x1+馬鈴薯x1+玉蜀黍x1+柴薪x1,食物,1,,,,
灶,燻肉可麗餅,,0,11,,雞蛋x1+麵粉x1+燻雞肉x1+燻茶鵝x1+柴薪x1,食物,1,,,,
灶,蛋塔,,0,4,,雞蛋x1+麵粉x2+柴薪x1,食物,1,,,,
灶,舒芙里,,0,4,,雞蛋x1+麵粉x2+草莓x2+柴薪x1,食物,1,,,,
灶,黑森林,,0,8,,雞蛋x1+麵粉x2+巧克力x5+柴薪x1,食物,1,,,,
灶,水果蛋糕,,0,4,,雞蛋x1+麵粉x2+草莓x2+柴薪x1,食物,1,,,,
灶,紅燒肉麵,,0,7,,麵條x2+豬肉x2+A菜x5+蔥x2+柴薪x1,食物,1,,,,
灶,嫩豆腐,,0,2,,黃豆x10+柴薪x2,食物,1,,,,
灶,雞蛋豆腐,,0,4,,黃豆x10+雞蛋x1+柴薪x1,食物,1,,,,
灶,皮蛋豆腐,,0,7,,黃豆x10+皮蛋x1+柴薪x1,食物,1,,,,
灶,麻婆豆腐,,0,5,,黃豆x10+豬肉x1+蔥x2+柴薪x1,食物,1,,,,
灶,東坡肉,,0,5,,豬肉x2+蔥x4+柴薪x1,食物,1,,,,
灶,小披薩,,0,5,,麵粉x2+蝦子x2+蟹肉x2+柴薪x1,食物,1,,,,
灶,雜肉麵,,0,14,,麵條x2+牛肉x1+雞肉x1+羊肉x1+柴薪x1,食物,1,,,,
灶,蔬菜麵,,0,5,,麵條x2+空心菜x2+蔥x2+柴薪x1,食物,1,,,,
灶,雜肉青菜麵,,0,10,,麵條x2+地瓜葉x2+雞肉x1+豬肉x1+柴薪x1,食物,1,,,,
灶,海鮮麵,,0,9,,麵條x2+鮭魚x2+鮪魚x2+香菜x2+柴薪x1,食物,1,,,,
灶,綜合湯麵,,0,10,,麵條x2+豬肉x2+鮪魚x2+蒜x1+柴薪x1,食物,1,,,,
灶,碳烤麻雀,,0,5,,麻雀肉x1+大蒜x2+洋蔥x1+柴薪x1,食物,1,,,,
灶,碳烤乳鴿,,0,6,,鴿肉x1+大蒜x2+洋蔥x1+柴薪x1,食物,1,,,,
灶,吻仔魚炒蛋,,0,5,,吻仔魚x2+雞蛋x2+蔥x2+柴薪x1,食物,1,,,,
灶,吻仔魚清粥,,0,3,,吻仔魚x3+白米飯x1+蔥x2+柴薪x2,食物,1,,,,
灶,蟹黃清粥,,0,5,,蟹肉x2+白米飯x2+蔥x2+柴薪x1,食物,1,,,,
灶,胡椒蝦,,0,2,,蝦子x2+蔥x2+柴薪x1,食物,1,,,,
灶,燒酒蝦,,0,5,,蝦子x2+米酒x2+蔥x2+柴薪x1,食物,1,,,,
灶,碳烤烏賊,,0,7,,烏賊x1+大蒜x2+洋蔥x1+柴薪x1,食物,1,,,,
灶,快炒吳郭魚,,0,4,,吳郭魚x1+香菜x2+蔥x2+大蒜x2+柴薪x1,食物,1,,,,
灶,紅燒鰻魚,,0,5,,鰻魚x1+香菜x2+蔥x2+柴薪x1,食物,1,,,,
灶,清蒸鱈魚,,0,4,,鱈魚x1+香菜x2+蔥x2+柴薪x1,食物,1,,,,
灶,紅燒黃魚,,0,4,,黃魚x1+香菜x2+蔥x2+柴薪x1,食物,1,,,,
灶,醉雞,,0,7,,雞肉x1+米酒x2+蔥x2+柴薪x1,食物,1,,,,
灶,河豚火鍋,,0,12,,河豚生魚片x10+龍蝦x4+高麗菜x2+牛肉x5+柴薪x1,食物,1,,,,
灶,紅燒鰻魚飯,,0,10,,白米飯x2+紅燒鰻魚x2+絲瓜x2+A菜x2+柴薪x1,食物,1,,,,
灶,皮蛋,,0,5,,鴨蛋x1+氨水x2+柴薪x1,食物,1,,,,
灶,珍珠奶茶,,1,12,,茶葉x5+牛奶x2+粉圓x3+糖x1,食物,2,,,,
灶,清蒸黃魚,,0,3,,黃魚x5+柴薪x1,食物,5,,,,
灶,炸吳郭魚,,0,3,,吳郭魚x5+柴薪x1,食物,5,,,,
灶,炒吻仔魚,,0,2,,吻仔魚x10+柴薪x1,食物,3,,,,
灶,過水沙丁魚,,0,4,,沙丁魚x5+柴薪x1,食物,5,,,,
灶,煎鱈魚,,0,5,,鱈魚x5+柴薪x1,食物,5,,,,
灶,紅燒鮭魚,,0,6,,鮭魚x5+柴薪x1,食物,5,,,,
灶,熟鰻魚,,0,7,,鰻魚x5+柴薪x1,食物,5,,,,
灶,燉鮪魚,,0,8,,鮪魚x5+柴薪x1,食物,5,,,,
灶,熱炒河豚,,0,9,,河豚x5+柴薪x1,食物,5,,,,
灶,熟章魚,,0,5,,章魚x5+柴薪x1,食物,5,,,,
灶,悶燒墨魚,,0,6,,墨魚x5+柴薪x1,食物,5,,,,
灶,脆皮烏賊,,0,7,,烏賊x5+柴薪x1,食物,5,,,,
灶,清蒸蝦,,0,2,,蝦子x5+柴薪x1,食物,5,,,,
灶,悶烤蟹肉,,0,6,,蟹肉x5+柴薪x1,食物,5,,,,
灶,蕃茄炒蛋,,0,5,,蕃茄x2+雞蛋x1+柴薪x1,食物,1,,,,
灶,炒高麗菜,,0,2,,高麗菜x5+柴薪x1,食物,5,,,,
灶,炒芹菜,,0,2,,芹菜x5+柴薪x1,食物,5,,,,
灶,炒菠菜,,0,3,,菠菜x5+柴薪x1,食物,5,,,,
灶,炒空心菜,,0,2,,空心菜x5+柴薪x1,食物,5,,,,
灶,炒地瓜葉,,0,2,,地瓜葉x5+柴薪x1,食物,5,,,,
灶,炒絲瓜,,0,2,,絲瓜x5+柴薪x1,食物,5,,,,
灶,炒胡瓜,,0,3,,胡瓜x5+柴薪x1,食物,5,,,,
灶,炒冬瓜,,0,3,,冬瓜x5+柴薪x1,食物,5,,,,
灶,炒白羅蔔,,0,2,,白羅蔔x5+柴薪x1,食物,5,,,,
灶,炒紅羅蔔,,0,2,,紅羅蔔x5+柴薪x1,食物,5,,,,
灶,碳烤牛肉,,0,5,,牛肉x3+柴薪x1,食物,3,,,,
灶,碳烤雞肉,,0,4,,雞肉x3+柴薪x1,食物,3,,,,
灶,碳烤羊肉,,0,4,,羊肉x3+柴薪x1,食物,3,,,,
灶,碳烤豬肉,,0,4,,豬肉x3+柴薪x1,食物,3,,,,
灶,碳烤老虎肉,,0,5,,老虎肉x3+柴薪x1,食物,3,,,,
灶,碳烤鵝肉,,0,4,,鵝肉x3+柴薪x1,食物,3,,,,
灶,碳烤狗肉,,0,4,,狗肉x3+柴薪x1,食物,3,,,,
灶,碳烤袋鼠肉,,0,5,,袋鼠肉x3+柴薪x1,食物,3,,,,
灶,碳烤鴕鳥肉,,0,5,,鴕鳥肉x3+柴薪x1,食物,3,,,,
灶,碳烤鴨肉,,0,4,,鴨肉x3+柴薪x1,食物,3,,,,
灶,碳烤蛇肉,,0,3,,蛇肉x3+柴薪x1,食物,3,,,,
灶,碳烤狼肉,,0,3,,狼肉x3+柴薪x1,食物,3,,,,
灶,人參雞,,1,8,,人參x3+雞肉x1,食物,1,,,,
灶,長白參雞湯,,2,15,,長白人參x1+雞肉x1,食物,1,,,,
灶,元氣大補湯,,8,17,,長白人參x2+靈芝x1+雞肉x1,食物,1,,,,
灶,炒白菜,,0,2,,白菜x5+柴薪x1,食物,5,,,,
灶,炒九層塔,,0,3,,九層塔x5+柴薪x1,食物,5,,,,
灶,鐵板恐鳥肉,,0,4,,恐鳥肉x3+柴薪x1,食物,3,,,,
灶,鹹鴨蛋,,0,4,,鴨蛋x5+海鹽x1+柴薪x1,食物,5,,,,
灶,水煮鵪鶉蛋,,0,2,,鵪鶉蛋x5+柴薪x1,食物,5,,,,
灶,炭煙,,10,6,,煤碳x20,零件,1,,,,
灶,煮沸的水,,1,3,,淡水x2+柴薪x5,一般,1,,,,
灶,蒸餾水,,1,3,,淡水x1+柴薪x4,一般,1,,,,
煙燻器材,醺雞肉,,0,4,,雞肉x1+柴薪x3,食物,1,,,,
煙燻器材,醺茶鵝,,0,4,,鵝肉x1+柴薪x4,食物,1,,,,
煙燻器材,醺鮭魚片,,0,3,,鮭魚x1+柴薪x2,食物,1,,,,
煙燻器材,微薰龍蝦,,0,6,,龍蝦x5+柴薪x1,食物,1,,,,
高溫窯,氨水,,6,6,,桶裝氫氣x1+鐵條x1,一般,1,,,南極村道具店購買,
高溫窯,戰鬥野餐盒,,8,1,,塑膠x10+柴薪x8+染料x4,一般,1,,,,
高溫窯,金屬訊號線,,4,5,,銅塊x2+錫材x2+柴薪x1,零件,1,,,,
高溫窯,水龍頭,,4,3,,銅塊x1,零件,1,,,,
高溫窯,不沾鍋,,4,3,,鋼材x5+柴薪x4,零件,1,,,,
高溫窯,燈絲,,4,2,,門松x1+柴薪x1,零件,2,,,,
高溫窯,80mm強化玻璃,,10,2,3x2,矽x8+柴薪x10+桶裝冷煤x2,零件,1,,,,
高溫窯,電晶體,,4,1,,矽x1+錫材x1+黑色黏土x1,零件,1,,,,
高溫窯,稀硫酸,,4,2,,硫磺x1+污水x1+柴薪x1,零件,1,,,,
高溫窯,壓克力板,,4,1,3x2,輕油x1+橡膠x2,零件,1,,,,
高溫窯,汽門,,8,1,,鋼材x1+黑色黏土x1+白色黏土x1,零件,1,,,,
高溫窯,尼龍,,4,2,,煤球x1+淡水x1,零件,1,,,,
高溫窯,乾電池,,4,2,,木炭x1+鋁板x1+熟鐵材x1+淡水x1,零件,1,,,,
高溫窯,玻璃,,4,2,,矽x1+柴薪x2,零件,1,,,,
高溫窯,蓮蓬頭,,4,2,,柳安木材x1+生橡膠x2+柴薪x3,零件,1,,,,
高溫窯,電容,,4,2,,雲母岩x1+灰色黏土x2+鐵絲x1+柴薪x2,零件,5,,,,
高溫窯,陶瓷汽缸,,4,11,2x2,紅色黏土x3+灰色黏土x4+柴薪x8,零件,1,,,,
高溫窯,輪胎,,4,13,2x1,橡膠x1+灰色黏土x1+柴薪x4,零件,1,,,,
高溫窯,電阻,,4,2,,合金x1+鐵絲x1+白色黏土x1+柴薪x2,零件,3,,,,
高溫窯,排線,,4,2,,銅塊x2+錫材x2+柴薪x5,零件,1,,,,
高溫窯,龍鱗魔髓,,8,16,,魔龍鱗x1,零件,1,,,,
高溫窯,高能鈾礦,,34,11,,半鈾礦x2+柴薪x3,零件,1,,,,
高溫窯,魔晶爐,,60,3,3x4,焦油x10+鈦合金x4+合金x8+磚塊x12+桶裝冷煤x3,器具,1,,,,
高溫窯,海水淡化裝置,,8,1,3x5,灰色黏土x4+生橡膠x6+皮袋x5+柴薪x9,器具,1,,,,
高溫窯,貓咪回收桶,,6,1,2x2,資源回收桶x1+塑膠x2,器具,1,,,,
高溫窯,招財貓,,5,20,2x2,紅色黏土x5+白色黏土x10+柴薪x3,傢俱,1,,,,
高溫窯,復古浴缸,,6,12,3x3,白色黏土x5+生橡膠x2+柴薪x5,傢俱,1,,,,
高溫窯,地磚,咖啡,4,26,2x1,紅色黏土x3+白色黏土x2,傢俱,1,,,,
高溫窯,地磚,土黃,4,26,2x1,黃色黏土x3+黏土x1,傢俱,1,,,,
高溫窯,地磚,深綠,4,26,2x1,灰色黏土x2+紅色黏土x1+黑色黏土x1,傢俱,1,,,,
高溫窯,地磚,淺紫,4,26,2x1,黑色黏土x2+紅色黏土x2,傢俱,1,,,,
高溫窯,白瓷花瓶,,2,6,,白色黏土x3+柴薪x1,傢俱,1,,,,
高溫窯,花瓶,,1,5,,白色黏土x3+柴薪x1,傢俱,1,,,,
高溫窯,蟠龍花瓶,,3,7,1x3,白色黏土x3+金沙x1+柴薪x1,傢俱,1,,,,
高溫窯,馬桶,,6,21,3x3,白色黏土x2+塑膠x1,傢俱,1,,,,
高溫窯,洗手台,,4,20,2x2,白色黏土x2+水龍頭x1+水管x2,傢俱,1,,,,
高溫窯,地磚,淺咖啡磚頭,4,1,2x1,白色黏土x3+紅色黏土x2+黑色黏土x2,傢俱,1,,,,
高溫窯,小豬撲滿,,4,3,,紅色黏土x10+柴薪x5,傢俱,1,,,,
高溫窯,壁爐,,25,2,4x4,乾掉黏土x3+磚塊x4+柴薪x5+鐵條x1,傢俱,1,,,,
高溫窯,地磚,紅磚,4,1,2x1,紅色黏土x2+黃色黏土x2,傢俱,1,,,,
高溫窯,星空地磚,,5,5,2x1,雲母岩x5+黑曜岩x5+黑色黏土x2+白色黏土x2,傢俱,1,,,,
高溫窯,雪地地磚,,5,5,2x1,黏土x5+白色黏土x5,傢俱,1,,,,
高溫窯,玫瑰盆栽,,6,10,2x2,玫瑰花x5+乾掉黏土x2+白色黏土x3+柴薪x2,傢俱,1,,,,
高溫窯,向日葵花盆,,6,10,2x3,向日葵x5+乾掉黏土x2+白色黏土x3+柴薪x2,傢俱,1,,,,
高溫窯,醫藥箱,,10,20,2x2,白色黏土x2+塑膠x1+染料x5,傢俱,1,,,,
高溫窯,地磚,粉紅,5,26,2x1,紅色黏土x4+白色黏土x4,傢俱,1,,,,
高溫窯,愛心地磚,一大顆,5,26,2x1,紅色黏土x4+白色黏土x4,傢俱,1,,,,
高溫窯,愛心地磚,二小顆,5,26,2x1,紅色黏土x4+白色黏土x4,傢俱,1,,,,
高溫窯,冰雪地磚,,5,26,2x1,冰磚x4+白色黏土x4,傢俱,1,,,,
高溫窯,大頭不倒翁,,5,20,2x2,乾掉黏土x6+白色黏土x3+染料x6+塑膠x2,傢俱,1,,,,
高溫窯,嘟嘟章魚,,5,20,2x2,乾掉黏土x4+白色黏土x2+染料x3+塑膠x2,傢俱,1,,,,
高溫窯,仙人掌盆景,,6,5,1x2,棉花x10+雜草x20+黏土x6,傢俱,1,,,,
高溫窯,金沙,,2,12,,金礦x3+柴薪x2,一般,1,,,,
高溫窯,金塊,,2,13,,金沙x2+柴薪x4,一般,1,,,,
高溫窯,銀沙,,2,9,,銀礦x2+柴薪x2,一般,1,,,,
高溫窯,銀塊,,2,10,,銀沙x2+柴薪x4,一般,1,,,,
高溫窯,青銅材,,2,5,,銅礦x1+柴薪x2+錫礦x1,一般,1,,,,
高溫窯,鋼材,,2,8,,熟鐵材x3+木炭x2+柴薪x4,一般,1,,,,
高溫窯,煤塊,,2,2,,煤礦x1+柴薪x1,一般,1,,,,
高溫窯,煤球,,2,3,,煤塊x1+柴薪x1,一般,1,,,,
高溫窯,煤碳,,2,4,,煤球x1+柴薪x1,一般,1,,,,
高溫窯,矽,,2,6,,石英x1+柴薪x2,一般,1,,,,
高溫窯,石鷹圖騰,,150,1,2x4,鐵條x30+灰色黏土x60+檜木材x40+生命水晶x1,攻城,1,,,,
高溫窯,金鷹圖騰,,200,1,2x5,鐵條x50+金條x30+黃色黏土x90+檜木材x10+生命水晶x2,攻城,1,,,,
鍛鐵平台,舒適馬鞍,,8,2,,硬鋁板x2+鋼材x1+厚皮墊布x2+鉚釘x12,裝備,1,,,,
鍛鐵平台,防禦馬鞍,,12,2,,青銅材x2+鋼材x3+厚皮墊布x3+鉚釘x12,裝備,1,,,,
鍛鐵平台,魔防馬鞍,,12,2,,焠鍊赤鐵材x1+鋼材x3+厚皮墊布x3+鉚釘x12,裝備,1,,,,
鍛鐵平台,手電筒,,4,1,,乾電池x2+燈泡x2+硬鋁板x1+鐵絲x1,裝備,1,,,,
鍛鐵平台,磨光粉,,4,1,,花崗岩x1,零件,1,,,,
鍛鐵平台,細粒磨光粉,,4,1,,赤鐵礦x1,零件,1,,,,
鍛鐵平台,鐵製釣勾,,4,2,,鐵絲x1+磨光粉x1,零件,1,,,,
鍛鐵平台,扳機組,,6,1,2x1,熟鐵材x2,零件,1,,,,
鍛鐵平台,準星,,6,1,,熟鐵材x1,零件,1,,,,
鍛鐵平台,撞針組,,6,1,,鋼材x1,零件,1,,,,
鍛鐵平台,槍管,,6,1,3x2,鋼材x2,零件,1,,,,
鍛鐵平台,白玉粉,,3,7,,白玉x3,零件,1,,,,
鍛鐵平台,紅玉粉,,3,8,,紅玉x3,零件,1,,,,
鍛鐵平台,魔法牙髓粉,,4,10,,恐龍牙齒x4+暴龍牙x2+狼牙x1+魔龍牙x1,零件,1,,,,
鍛鐵平台,工匠鎚,,5,1,,鐵塊x3+檜木x1+ㄇ字釘x3,零件,1,,,,
鍛鐵平台,精密起子組,,6,1,,鋼材x1,器具,1,,,,
鍛鐵平台,調和盆,,4,1,2x1,硬鋁板x5,器具,1,,,,
鍛鐵平台,線鋸,,4,1,,鋼材x1+ㄇ字釘x4,器具,1,,,,
鍛鐵平台,鉗子,,4,1,,熟鐵材x1+橡膠x1,器具,1,,,,
鍛鐵平台,銅板,,2,6,,銅材x1,一般,1,,,,
鍛鐵平台,鉛板,,2,5,,鉛塊x2,一般,1,,,,
鍛鐵平台,鋁板,,2,6,,鋁塊x2+柴薪x2,一般,1,,,,
鍛鐵平台,硬鋁板,,2,7,,鋁板x2,一般,1,,,,
鍛鐵平台,磁粉,,2,6,,磁石x3,一般,1,,,,
縫衣針,防彈衣,,30,1,,合金x2+氣密劑x3+壓克力板x2+棉線x10,裝備,1,,,,
縫衣針,強力防彈衣,,40,2,,防彈衣x1+鈦合金x2+氣密劑x1+棉線x4+麻線x4,裝備,1,,,,
縫衣針,咖啡香包,,60,2,,黑咖啡x5+棉布x2+棉線x1+棉絮x3,裝備,1,,,,
縫衣針,皮袋,,2,2,,麻線x3+獸皮x3,零件,1,,,,
縫衣針,厚皮墊布,,2,2,,麻毯x1+棉布x2+獸皮x3,零件,1,,,,
縫衣針,沙袋,,2,3,2x1,棉線x3+棉布x2+灰色黏土x5,零件,1,,,,
縫衣針,魔皮布,,2,8,,殘魔毛皮x8,零件,1,,,,
縫衣針,坐墊,,3,2,2x1,棉布x3+棉絮x6,傢俱,1,,,,
縫衣針,糜鹿玩偶,,5,20,1x2,棉花x10+獸皮x2+棉線x5+檜木材x2,傢俱,1,,,,
縫衣針,粽子掛飾,,6,10,1x3,棉布x3+棉線x4+棉絮x4+染料x2,傢俱,1,,,,
縫衣針,龍舟掛飾,,8,10,3x2,棉布x5+棉線x6+棉絮x6+染料x4,傢俱,1,,,,
魔晶爐,生命水晶,,30,3,,黃金眼淚x36+純淨水滴x8+和平拉麵x1+柴薪x15,零件,1,,,,
魔晶爐,藍寶原石,,6,8,,藍寶石x5+柴薪x5,零件,1,,,,
魔晶爐,紅寶原石,,6,9,,紅寶石x5+柴薪x5,零件,1,,,,
魔晶爐,精製翡翠,,6,10,,研磨翡翠x4+柴薪x5,零件,1,,,,
魔晶爐,精純藍寶石,,6,12,,藍寶原石x3+柴薪x8,零件,1,,,,
魔晶爐,精純紅寶石,,6,13,,紅寶原石x3+柴薪x9,零件,1,,,,
魔晶爐,無暇藍寶石,,6,16,,精純藍寶石x2+柴薪x12,零件,1,,,,
魔晶爐,無暇紅寶石,,6,17,,精純紅寶石x2+柴薪x14,零件,1,,,,
魔晶爐,精製鑽石,,6,14,,鑽石x2+柴薪x9,零件,1,,,,
魔晶爐,高密度鑽石,,6,21,,精製鑽石x2+柴薪x14,零件,1,,,,
魔晶爐,源晶石,,6,14,,能源石x3+柴薪x8,零件,1,,,,
魔晶爐,魔玉石,,6,21,,研磨龍骨x1+魔法牙髓粉x1+龍鱗魔髓x1,零件,1,,,,
魔晶爐,附魔結晶,,18,25,,魔玉石x2+魔皮布x4,零件,1,,,,
魔晶爐,半透明魔晶石,,10,1,,魔晶石碎片x10+柴薪x3,彩鑽,1,,,,
魔晶爐,琥珀魔晶石,,15,2,,半透明魔晶石x5+柴薪x5,彩鑽,1,,,,
魔晶爐,天青魔晶石,,20,3,,琥珀魔晶石x3+柴薪x10,彩鑽,1,,,,
魔晶爐,粉紫魔晶石,,25,4,,天青魔晶石x3+柴薪x15,彩鑽,1,,,,
魔晶爐,橙魔晶石,,30,5,,粉紫魔晶石x3+柴薪x20,彩鑽,1,,,,
魔晶爐,綠魔晶石,,35,6,,橙魔晶石x3+柴薪x25,彩鑽,1,,,,
海水淡化裝置,淡水,,0,2,,海水x1,一般,1,,,,
精密起子組,火繩槍,,8,2,,扳機組x1+木質握柄x1+撞針組x1+黑色炸藥x2,裝備,1,,,,
精密起子組,精銳火槍,,0,3,,火繩槍x1+準星x1,裝備,1,,,,
精密起子組,火繩長槍,,10,4,,扳機組x1+木質握柄x1+撞針組x1+黑色炸藥x4,裝備,1,,,,
精密起子組,龍神長槍,,0,5,,火繩長槍x1+準星x1,裝備,1,,,,
精密起子組,步槍,,16,6,,扳機組x1+木質握柄x1+準星x1+撞針組x1+槍管x1,裝備,1,,,,
精密起子組,狙擊步槍 ,,1,7,,步槍x1+精準瞄準器x1,裝備,1,,,,
精密起子組,火箭筒,,24,8,,扳機組x1+準星x1+撞針組x1+熟鐵材x5,裝備,1,,,,
精密起子組,精準火箭筒,,1,9,,火箭筒x1+精準瞄準器x1,裝備,1,,,,
精密起子組,航海指南針,,4,1,,硬鋁板x1+磁粉x1+橡膠x1+鐵絲x1,一般,1,,,,
精密起子組,連結齒輪組,,2,2,,木製大齒輪x2+木製中齒輪x6+木製小齒輪x4+金屬齒輪x1+潤滑油x2,零件,1,,,,
精密起子組,貨架,,4,10,3x3,硬鋁板x4+鐵板x4,傢俱,1,,,,
精密起子組,望遠鏡,,4,5,2x3,硬鋁板x2+玻璃x3+鐵條x3+金屬齒輪x2,傢俱,1,,,,
精密起子組,地球儀,,6,3,,木製小齒輪x2+塑膠x4+紙x20+黏土x10+衛星天線x1,傢俱,1,,,,
精密起子組,組合式音響,,30,8,3x3,環型天線x1+濾波電路x1+精密電路x1+橡木材x3+氣密劑x2,傢俱,1,,,,
調和盆,小泥菩薩像,,10,1,,白色黏土x3+黑色黏土x1+紅色黏土x1+雪晶x8,裝備,1,,,,
調和盆,泥菩薩像,,12,7,,白色黏土x3+黑色黏土x1+紅色黏土x1+生命水晶x1,裝備,1,,,,
調和盆,碳墨汁,,30,2,,炭煙x3+樹脂x3+蒸餾水x2+黑色黏土x5,一般,1,,,,
調和盆,中毒藥水,,2,1,,毒汁x2+純水x1+透明膠質x1,一般,1,,,,
調和盆,炸彈,,8,6,,黑色黏土x1+紙x1+導火線x1+黑色炸藥x1,一般,1,,,,
調和盆,解毒藥水,,2,8,,菊花x1+向日葵x1+透明膠質x1+黃金眼淚x1+毒汁x1,一般,1,,,,
調和盆,黃色炸藥,,50,10,,硝石x25+潤滑油x6+硫磺x12+棉線x8+氣密劑x6,一般,1,,,,
調和盆,魚飼料,,4,1,,海葵的骨骼x2+紅珊瑚x1,一般,1,,,,
調和盆,桶裝氫氣,,6,3,,鐵條x1+鋁板x1+純水x2+海鹽x1,零件,1,,,,
調和盆,黑色炸藥,,4,3,,硫磺x1+磷酸x1+木炭x1+柴薪x1,零件,1,,,,
調和盆,導火線,,4,2,,紙x1+黑色炸藥x1+麻線x1,零件,1,,,,
調和盆,綜合香精,,5,5,,玫瑰香精x2+紅花香精x2+菊花香精x2+藍花香精x2+蒸餾水x1,零件,1,,,,
調和盆,防疫兌換卡,,0,0,,防疫禮盒x10,兌換卡,1,,,,
線鋸,木製曲柄,,8,2,,柳安木材x1,零件,1,,,,
線鋸,木製大齒輪,,4,3,,柳安木材x1,零件,1,,,,
線鋸,木製中齒輪,,4,2,,橡木材x1,零件,2,,,,
線鋸,木製滑輪,,6,1,,橡木材x1,零件,1,,,,
線鋸,梯子,,8,3,,柳安木材x2+釘子x10,零件,1,,,,
線鋸,飛船掌舵裝置,,8,16,,柳安木材x2+生橡膠x3,零件,1,,,,
線鋸,螺旋槳,,4,20,,橡木材x2,零件,1,,,,
線鋸,木製踏板,,8,19,,橡木材x2+木製曲柄x1,零件,1,,,,
線鋸,木製握柄,,6,1,,柳安木材x2+生橡膠x1,零件,1,,,,
線鋸,水桶,,4,1,,柳安木材x2+釘子x10+鐵絲x2,零件,1,,,,
線鋸,檯鋸,,16,1,3x3,柳安木材x7+木製輪軸x3+圓鋸鋸片x2+木製中齒輪x3+木製小齒輪x6,器具,1,,,,
線鋸,木製古鐘,,4,7,,金屬齒輪x4+柳安木材x2+鐵條x1+銅線x2+木製小齒輪x3,傢俱,1,,,,
線鋸,吊床,,5,9,5x4,橡木材x2+橡木x2+棉布x4+麻線x2,傢俱,1,,,,
線鋸,立鐘,,4,8,2x4,木製大齒輪x1+木製中齒輪x2+木製小齒輪x5+柳安木材x1+鐵條x1,傢俱,1,,,,
線鋸,窗戶,,3,20,2x2,柳安木材x2,傢俱,1,,,,
線鋸,門牌,,5,15,2x3,柳安木材x2+灰色黏土x1+黑色黏土x1,傢俱,1,,,,
線鋸,地磚,木質,4,1,2x1,檜木材x4+生橡膠x3,傢俱,1,,,,
線鋸,留言板,,8,3,3x3,黑色黏土x10+黃色黏土x4+柳安木材x12+紙x5+棉布x2,傢俱,1,,,,
線鋸,海盜船模型,,10,20,3x3,檜木材x5+棉布x3+棉線x5+生橡膠x5+海盜船設計圖x1,傢俱,1,,,,
線鋸,籬笆,,8,1,2x2,柳安木x8+釘子x12+麻繩x4,傢俱,1,,,,
線鋸,海豚裝飾,,5,10,2x2,柳安木材x2+染料x2,傢俱,1,,,,
線鋸,紅色窗戶,,5,3,2x2,柳安木材x2+玻璃x2+棉布x1+染料x1,傢俱,1,,,,
線鋸,藍色窗戶,,5,3,2x2,柳安木材x2+玻璃x2+棉布x1+染料x1,傢俱,1,,,,
線鋸,聖誕樹,,20,28,3x5,檜木x5+蔓草x50+金色球花x5+生橡膠x2,傢俱,1,,,,
線鋸,咕咕鐘,,6,5,2x2,金屬齒輪x4+檜木材x4+鐵條x1+銅線x2+木製小齒輪x3,傢俱,1,,,,
線鋸,相框,掛牆,5,4,1x2,檜木材x4+釘子x8+紙x2,傢俱,1,,,,
線鋸,相框,桌面,5,4,,檜木材x4+釘子x8+紙x2,傢俱,1,,,,
線鋸,武士刀展示架,,8,20,2x2,檜木材x5+釘子x5+太初武士刀x1+蒼紫x1+紅月x1,傢俱,1,,,,
線鋸,東方古典壁燈,,10,10,2x2,檜木材x5+紙x5+生橡膠x2+釘子x4+燈泡x1,傢俱,1,,,,
線鋸,愛心窗戶,,5,10,2x2,柳安木材x2+玻璃x2+染料x1,傢俱,1,,,,
線鋸,壁畫,,8,3,1x2,檜木材x4+釘子x8+紙x3+碳墨汁x3,傢俱,1,,,,
鉗子,豪華釣具,,4,3,,竿子x1+鐵製釣勾x1+釣魚線x1+木製曲柄x1,零件,1,,,,
鉗子,輔助動力裝置,,10,9,4x2,小型引擎x1+螺旋槳x1+檜木材x3,零件,1,,,,
鉗子,灑水裝置,,8,6,,鐵絲x3+蓮蓬頭x1+蓄水槽x1,零件,1,,,,
鉗子,變壓線圈,,4,1,,鐵條x1+漆包線x3,零件,1,,,,
鉗子,線圈,,4,2,,漆包線x2+橡膠x1,零件,1,,,,
鉗子,發音裝置,,16,8,3x2,釘子x6+鋼絃x6+檜木材x3+橡膠x1,零件,1,,,,
鉗子,烙鐵,,8,1,,鐵條x2+電線x5+柳安木材x1,器具,1,,,,
檯鋸,驅動裝置,,10,5,2x2,木製輪軸x1+木製中齒輪x4+柳安木材x2+麻繩x5,零件,1,,,,
檯鋸,水平尾翼,,6,21,2x2,橡木材x2,零件,1,,,,
檯鋸,垂直尾翼,,6,21,,橡木材x2,零件,1,,,,
檯鋸,飛機控制裝置,,8,22,3x2,驅動裝置x1+水平尾翼x1+垂直尾翼x1+釘子x10+螺旋槳x1,零件,1,,,,
檯鋸,帆船的甲板,,8,6,3x2,柳安木材x8+釘子x12,零件,1,,,,
檯鋸,帆船掌舵裝置,,8,7,3x2,柳安木材x4+木製大齒輪x5+木製小齒輪x8+釘子x10,零件,1,,,,
檯鋸,船桅,,6,6,4x2,柳安木x4,零件,1,,,,
檯鋸,主桅杆,,8,6,4x2,柳安木材x6+麻布x3+麻繩x3,零件,1,,,,
檯鋸,帆船主動力裝置,,8,9,3x2,木製滑輪x1+拉索x1+船桅x1+船帆x1+釘子x10,零件,1,,,,
檯鋸,蒸汽船掌舵裝置,,10,13,2x2,鋼材x8+木製中齒輪x6+橡木材x8,零件,1,,,,
檯鋸,琴鍵,,2,1,,檜木材x1,零件,1,,,,
檯鋸,金屬研磨設備,,16,3,3x3,鋼材x5+柳安木材x5+木製中齒輪x4+木製小齒輪x2+精密電路x1,器具,1,,,,
檯鋸,手動攪拌器,,10,1,2x3,柳安木材x2+木製小齒輪x4,器具,1,,,,
檯鋸,木工車床,,16,2,4x4,柳安木材x3+木製大齒輪x4+木製小齒輪x6+圓鋸鋸片x1,器具,1,,,,
檯鋸,離心機,,10,1,2x2,柳安木材x7+木製大齒輪x3+木製小齒輪x5+皮袋x4,器具,1,,,,
檯鋸,濾水器,,10,1,2x3,白色黏土x1+木炭x3+皮袋x1+麻布x1,器具,1,,,,
檯鋸,木床,,12,12,5x3,檜木材x5+釘子x12+麻布x5+棉布x4,傢俱,1,,,,
檯鋸,信物櫃,,10,20,3x3,檜木材x3+釘子x5,傢俱,1,,,,遊戲標註傢俱
檯鋸,小櫥櫃,,10,18,3x3,檜木材x3+釘子x5,傢俱,1,,,,
檯鋸,書桌,,8,18,3x3,檜木材x4+釘子x8+橡膠x1,傢俱,1,,,,
檯鋸,書櫃,,8,20,3x4,檜木材x4,傢俱,1,,,,
檯鋸,矮茶几,,4,2,3x2,檜木材x5+釘子x8,傢俱,1,,,,
檯鋸,材料櫃,,12,18,3x3,檜木材x5+釘子x5,傢俱,1,,,,
檯鋸,小圓桌,,5,2,2x2,檜木材x5+釘子x6,傢俱,1,,,,
檯鋸,藥水收納櫃,,15,20,2x3,檜木材x5+釘子x5+染料x5,傢俱,1,,,,
檯鋸,紫木桌,,10,10,3x3,檜木材x10+釘子x8+玻璃x4+染料x4,傢俱,1,,,,
烙鐵,精密配線裝置,,10,5,2x2,銅線x4+ㄇ字釘x4+電線x4+排線x1,零件,1,,,,
烙鐵,整流器,,10,6,2x2,整流回線x1+濾波電路x1,零件,1,,,,
烙鐵,變壓器,,12,6,2x2,變壓線圈x2+硬鋁板x5+生橡膠x3,零件,1,,,,
烙鐵,AC發電機,,12,6,2x2,線圈x3+電線x2+鐵條x1,零件,1,,,,
烙鐵,精密電路,,8,1,,電晶體x2+電阻x4+電容x3+線圈x1,零件,1,,,,
烙鐵,小型發電機,,12,3,2x2,變壓線圈x2+電線x5+電容x3+硬鋁板x3,零件,1,,,,
烙鐵,小型引擎,,12,3,2x2,陶瓷汽缸x1+熟鐵材x3+潤滑油x1,零件,1,,,,
烙鐵,DC發電機,,8,6,3x3,小型引擎x1+電線x6+整流器x1,零件,1,,,,
烙鐵,濾波電路,,8,2,,電容x4+電線x4+電阻x5,零件,1,,,,
烙鐵,電焊器,,14,3,2x2,鐵板x2+變壓器x1+精密配線裝置x1,器具,1,,,,
烙鐵,立燈,,20,8,2x3,鋼材x3+鐵條x2+紙x2+樹脂x5+燈泡x1,傢俱,1,,,,
烙鐵,桌上型電腦,,16,20,2x2,玻璃x2+變壓器x2+排線x4+塑膠x5+精密電路x3,傢俱,1,,,,
烙鐵,電視,,16,15,2x2,玻璃x4+變壓器x2+漆包線x6+精密電路x3+電容x8,傢俱,1,,,,
烙鐵,無線電收發器,,12,10,3x3,石英x1+黏土x2+濾波電路x2+電容x3+精密配線裝置x1,傢俱,1,,,,
烙鐵,遊樂器,,12,5,2x1,排線x1+電線x5+精密電路x3+塑膠x2+橡膠x1,傢俱,1,,,,
烙鐵,檯燈,,10,3,1x2,鋼材x2+鐵條x1+紙x2+樹脂x2+燈泡x1,傢俱,1,,,,
烙鐵,連線遊樂器,,24,3,1x2,電線x8+精密電路x4+塑膠x3+電晶體x2,傢俱,1,,,,
烙鐵,西洋古典壁燈,,10,10,2x2,鐵條x5+玻璃x4+釘子x4+燈泡x1,傢俱,1,,,,
烙鐵,玫瑰愛心花環,中間有字,6,10,2x2,玫瑰花x10+鐵絲x2+紙x2,傢俱,1,,,,
烙鐵,玫瑰愛心花環,簍空,6,10,2x2,玫瑰花x10+鐵絲x2,傢俱,1,,,,
金屬研磨設備,環型天線,,8,6,,銅線x2+電線x2,零件,1,,,,
金屬研磨設備,貯氣槽,,20,6,2x2,硬鋁板x2+柳安木材x3+生橡膠x4+柴薪x4,零件,1,,,,
金屬研磨設備,桶裝冷煤,,12,2,1x2,鋼材x2+氨水x3+氣密劑x1+水管x3,零件,1,,,,
金屬研磨設備,AC馬達,,16,2,3x3,鐵板x5+漆包線x2+電線x4+磁石x2+鐵條x1,零件,1,,,,
金屬研磨設備,360度潛望鏡,,22,2,2x2,玻璃x1+鋼材x2+氣密劑x2+連結齒輪組x2+木製曲柄x1,零件,1,,,,
金屬研磨設備,鉚釘,,4,2,,鐵絲x1+柴薪x1,零件,6,,,,
金屬研磨設備,DC馬達,,12,1,2x2,鐵板x2+漆包線x2+電線x6+磁石x2,零件,1,,,,
金屬研磨設備,刀片,,3,1,,硬鋁板x1,零件,5,,,,
金屬研磨設備,汽化器,,20,4,3x2,鋼材x3+柴薪x2+鉚釘x8,零件,1,,,,
金屬研磨設備,精準瞄準器,,10,4,,玻璃x1+熟鐵材x1+橡膠x1,零件,1,,,,
金屬研磨設備,浮力調節裝置,,32,3,3x2,鋼材x6+汽門x2+貯氣槽x1+水管x4+氣密劑x3,零件,1,,,,
金屬研磨設備,磁鐵原石,,35,8,,磁石x16+熟鐵材x2,零件,1,,,,
金屬研磨設備,小型燃料槽,,10,2,1x2,鋼材x3+柴薪x6,零件,1,,,,
金屬研磨設備,點火裝置,,12,3,,鋼材x1+電線x3,零件,1,,,,
金屬研磨設備,燃燒器,,14,10,3x2,硬鋁板x5+小型燃料槽x4+汽化器x1,零件,1,,,,
金屬研磨設備,高度調整閥,,15,10,,硬鋁板x2+亞鉛塊x1,零件,1,,,,
金屬研磨設備,推進器,,12,13,2x2,螺旋槳x1+細粒磨光粉x3+鋼材x3+電線x4+DC馬達x1,零件,1,,,,
金屬研磨設備,飛機引擎,,30,17,3x3,小型引擎x1+汽門x1+鉚釘x10+推進器x1+鋼材x4,零件,1,,,,
金屬研磨設備,軸承,,15,7,3x2,鋼材x4,零件,1,,,,
金屬研磨設備,蒸氣船骨架,,12,12,2x1,鋼材x4,零件,1,,,,
金屬研磨設備,蒸汽機,,24,13,,柳安木材x1+熟鐵材x4+硬鋁板x1+金屬齒輪x2,零件,1,,,,
金屬研磨設備,鈦鋼球體,,40,8,4x3,玻璃x3+鈦合金x5+鉚釘x20+氣密劑x6+小型核電機x1,零件,1,,,,
金屬研磨設備,反重力裝置,,24,2,3x2,水銀x2+磁石x4+雲母岩x2,零件,1,,,,
金屬研磨設備,精製白玉,,16,10,,白玉x1+白玉粉x2,零件,1,,,,
金屬研磨設備,精製紅玉,,16,12,,紅玉x1+紅玉粉x2,零件,1,,,,
金屬研磨設備,研磨翡翠,,16,7,,翡翠x1,零件,1,,,,
金屬研磨設備,研磨龍骨,,16,10,,雷龍的脛骨x3+恐龍巨骨x3,零件,1,,,,
金屬研磨設備,半鈾礦,,2,5,,青石礦x2,零件,1,,,,
金屬研磨設備,加工鈾礦,,30,10,,青石礦x3,零件,1,,,,
金屬研磨設備,鋼絃,,4,6,,鋼材x1,零件,1,,,,
金屬研磨設備,原油加工設備,,32,3,5x5,玻璃x1+鋼材x3+灰色黏土x10,器具,1,,,,
金屬研磨設備,自動濾水器,,30,3,3x4,白色黏土x1+柳安木材x2+鐵礦x4+玻璃x2,器具,1,,,,
金屬研磨設備,起重機,,28,4,3x4,鋼材x4+木製滑輪x1+金屬齒輪x3+木製曲柄x3+大型絞盤x1,器具,1,,,,
金屬研磨設備,展示平台,,24,5,3x2,金屬齒輪x2+鐵條x2+白色黏土x8+鋼材x3,傢俱,1,,,,
金屬研磨設備,手推車,,10,26,2x2,橡膠x1+熟鐵材x4+輪胎x1,傢俱,1,,,,
金屬研磨設備,車庫,,40,26,4x5,鋼材x4+金屬齒輪x4+鐵條x4+ㄇ字釘x18+精密配線裝置x1,傢俱,1,,,,
金屬研磨設備,郵筒,,24,3,2x2,銅板x8+鋼材x1+鉚釘x6+氣密劑x1+染料x1,傢俱,1,,,,
金屬研磨設備,流理台,,30,3,3x3,瓦斯爐x1+水龍頭x1+水管x2+硬鋁板x8+金屬齒輪x8,器具,1,,,,遊戲標註傢俱
金屬研磨設備,生鮮貨架,,24,3,3x3,鋼材x6+硬鋁板x2+玻璃x2,傢俱,1,,,,
金屬研磨設備,落地窗,,12,2,2x4,柳安木材x6+玻璃x3+硬鋁板x4,傢俱,1,,,,
金屬研磨設備,魚缸,,24,1,3x3,玻璃x8+氣密劑x4+燈泡x4+海水x10+紅珊瑚x2,傢俱,1,,,,
金屬研磨設備,液晶電視,,28,18,2x2,玻璃x5+塑膠x1+精密電路x1+氣密劑x2,傢俱,1,,,,
金屬研磨設備,瓦斯儲存槽,,34,2,2x2,水管x1+鋼材x6+灰色黏土x3+氣密劑x2+橡膠x1,傢俱,1,,,,
金屬研磨設備,落地窗,,12,2,2x4,柳安木x6+玻璃x3+硬鋁板x4+棉布x4,傢俱,1,,,,
金屬研磨設備,大砲,,25,20,3x3,粹煉赤鐵材x5+檜木材x6+鉚釘x6+點火裝置x1+導火線x1,傢俱,1,,,,
金屬研磨設備,火炬,,180,1,1x2,大理岩x150+玄武岩x150+銅材x20+煤油x30,攻城,1,,,,
手動攪拌器,蘋果汁,,1,5,,蘋果x5,食物,1,,,,
手動攪拌器,柳丁汁,,1,4,,柳丁x5,食物,1,,,,
手動攪拌器,橘子汁,,1,3,,橘子x4,食物,1,,,,
手動攪拌器,葡萄汁,,1,3,,葡萄x6,食物,1,,,,
手動攪拌器,木瓜汁,,1,5,,木瓜x6,食物,1,,,,
手動攪拌器,水蜜桃汁,,1,4,,水蜜桃x3,食物,1,,,,
手動攪拌器,西瓜汁,,1,3,,西瓜x4,食物,1,,,,
手動攪拌器,蕃茄汁,,1,3,,蕃茄x4,食物,1,,,,
手動攪拌器,鳳梨汁,,1,5,,鳳梨x4,食物,1,,,,
手動攪拌器,檸檬汁,,1,6,,檸檬x4,食物,1,,,,
手動攪拌器,草莓汁,,1,2,,草莓x4,食物,1,,,,
手動攪拌器,奇異果汁,,1,3,,奇異果x4,食物,1,,,,
手動攪拌器,芒果汁,,1,4,,芒果x4,食物,1,,,,
手動攪拌器,綜合果汁,,1,7,,蘋果x2+柳丁x1+鳳梨x1+奇異果x1,食物,1,,,,
手動攪拌器,鳳梨蘋果汁,,2,8,,大蘋果x40+鳳梨x10,食物,25,,,,
手動攪拌器,鳳梨葡萄汁,,2,8,,大葡萄x40+鳳梨x10,食物,25,,,,
手動攪拌器,鳳梨芒果汁,,2,8,,大芒果x40+鳳梨x10,食物,25,,,,
手動攪拌器,鳳梨香瓜汁,,3,8,,大香瓜x40+鳳梨x10,食物,25,,,,
手動攪拌器,活力飲料,,5,6,,咖啡豆x10+茶葉x5+蕃紅花x15+七里香x20+小雛菊x20,一般,1,,,,
手動攪拌器,玫瑰香精,,3,3,,玫瑰花x3,零件,1,,,,
手動攪拌器,氣密劑,,12,3,,輕油x1+生橡膠x1+柴薪x2,零件,3,,,,
手動攪拌器,紅花香精,,3,2,,蕃紅花x5,零件,1,,,,
手動攪拌器,菊花香精,,3,2,,菊花x4,零件,1,,,,
手動攪拌器,藍花香精,,3,2,,藍色小花x6,零件,1,,,,
手動攪拌器,粉圓,,1,2,,地瓜x1,食物,3,,,,
木工車床,玩具木偶,,25,1,,生命水晶x1+橡木棒x5+鉚釘x30+染料x3+棉布x4,裝備,1,,,,
木工車床,大型絞盤,,16,3,3x2,柳安木材x5+木製中齒輪x3+麻繩x6+釘子x8+木製曲柄x1,零件,1,,,,
木工車床,熱氣球吊籃,,16,4,3x3,藤蔓x10+橡木材x8+麻繩x2,零件,1,,,,
木工車床,飛船的骨架,,24,8,4x3,橡木材x10+鋼材x4,零件,1,,,,
木工車床,飛船船艙,,16,15,3x3,壓克力板x1+柴薪x5+橡木材x10+氣密劑x4,零件,1,,,,
木工車床,人力飛機的骨架,,16,20,3x3,橡木材x10+釘子x10,零件,1,,,,
木工車床,機翼,,16,21,4x3,橡木材x8,零件,1,,,,
木工車床,飛機啟動裝置,,16,22,3x2,木製輪軸x3+木製曲柄x3+麻繩x5+銅材x4+柳安木材x6,零件,1,,,,
木工車床,帆船船體,,20,8,4x2,柳安木材x7+釘子x18,零件,1,,,,
木工車床,蒸汽船船艙,,24,12,3x3,釘子x10+柳安木材x10,零件,1,,,,
木工車床,推進輪,,20,13,2x3,橡木材x8+釘子x10+木製輪軸x3+木製大齒輪x3+木製中齒輪x2,零件,1,,,,
木工車床,蓄水槽,,20,3,4x4,木桶x2+生橡膠x3+釘子x7,零件,1,,,,
木工車床,風車,,16,5,3x4,木製輪軸x4+木製曲柄x3+木製中齒輪x6+柳安木x8,傢俱,1,,,,
木工車床,自動紡紗機,,32,2,5x4,柳安木材x5+木製輪軸x4+木製大齒輪x3+木製小齒輪x3,器具,1,,,,
木工車床,自動織布機,,32,2,5x5,柳安木材x10+木製輪軸x2+木製曲柄x2+木製小齒輪x6,器具,1,,,,
木工車床,大型組裝工具,,32,3,5x5,柳安木材x6+木製滑輪x1+鋼材x2+連結繩x2+橡木材x8,器具,1,,,,
木工車床,磨坊,,45,1,4x5,驅動裝置x1+連結齒輪組x2+氣密劑x4+釘子x30+橡木材x9,器具,1,,,,
木工車床,大櫥櫃,,1,19,3x5,小櫥櫃x2+釘子x8,傢俱,1,,,,
木工車床,淋浴設備,,24,13,4x5,灑水裝置x1+玻璃x5+檜木材x3+橡膠x4+木製滑輪x2,傢俱,1,,,,
木工車床,樓梯,,32,27,5x5,檜木材x20+鉚釘x24+氣密劑x24+細粒磨光粉x5+塑膠x10,傢俱,1,,,,
木工車床,木質地板,,4,26,2x1,檜木材x5,傢俱,1,,,,
木工車床,鋼琴,,40,10,4x3,發音裝置x1+木製踏板x3+琴鍵x6+檜木材x12+氣密劑x2,傢俱,1,,,,
木工車床,電視櫃,,10,4,3x3,檜木材x6+玻璃x2+氣密劑x1+釘子x12,傢俱,1,,,,
木工車床,雙層床,,18,14,5x5,木床x2+梯子x1+釘子x8+檜木材x8,傢俱,1,,,,
木工車床,拒馬,,60,1,,麻繩x8+檜木材x40+鋼材x4,攻城,1,,,,
離心機,潤滑油,,12,3,,重油x1+柴薪x5,零件,1,,,,
離心機,糖,,0,1,,果花粉x3+果花蜜x2,食物,1,,,,
離心機,椰子油,,0,7,,椰子x2,食物,1,,,,
濾水器,海鹽,,8,1,,海水x1,一般,1,,,,
電焊器,衛星天線,,20,6,2x2,不沾鍋x1+熟鐵材x1+電線x3,零件,1,,,,
電焊器,壓縮機,,16,6,2x2,AC馬達x1+桶裝冷煤x2+螺旋槳x1,零件,1,,,,
電焊器,磁浮螺,,16,1,2x2,磁石x4+鋼材x4+線圈x2+鐵條x1,零件,1,,,,
電焊器,大型引擎,,30,3,3x3,陶瓷汽缸x2+汽化器x1+汽門x1+小型燃料槽x2,零件,1,,,,
電焊器,小型核電機,,16,5,3x3,蒸餾水x8+氣密劑x2+桶裝冷煤x1+鈦合金x1+壓縮機x1,零件,1,,,,
電焊器,蒸汽船啟動裝置,,24,13,3x2,木製輪軸x3+鋼材x4+金屬齒輪x4+蒸汽機x1,零件,1,,,,
電焊器,冰箱,,32,23,2x3,壓縮機x1+鋼材x4+壓克力板x4+精密配線裝置x1,器具,1,,,,遊戲標註傢俱
電焊器,分離式冷氣,,32,20,2x2,壓克力板x2+桶裝冷煤x1+精密電路x1+DC馬達x1+螺旋槳x1,傢俱,1,,,,
電焊器,轉蛋機,,30,26,2x3,壓克力板x4+鐵條x1+塑膠x2+鐵塊x1,傢俱,1,,,,
電焊器,自動販賣機,,40,25,3x4,壓克力板x3+鋼材x2+塑膠x2+紙x1+鐵絲x2,傢俱,1,,,,
電焊器,瓦斯爐,,16,3,2x1,點火裝置x2+水管x1+鋼材x1,傢俱,1,,,,
電焊器,臂力訓練器,,30,3,2x3,鉛球x2+橡膠x4+木製滑輪x2+鋼材x3+鋼絃x1,傢俱,1,,,,
電焊器,跑步機,,30,3,3x3,精密電路x1+塑膠x2+橡膠x1+鋼材x3+厚皮墊布x2,傢俱,1,,,,
電焊器,提款機,,40,20,2x4,精密電路x3+精密配線裝置x1+鋼材x6+塑膠x2,傢俱,1,,,,
電焊器,機器人,,48,8,4x5,鋼材x10+金屬齒輪x8+大型引擎x1+精密配線裝置x1+柳安木材x8,交通工具,1,,,,
原油加工設備,液態瓦斯,,25,6,,石油x8+柴薪x2,零件,1,,,,
原油加工設備,塑膠,,20,1,,原油x1+柴薪x1,零件,1,,,,
原油加工設備,汽油,,20,7,,原油x2+柴薪x4,一般,1,,,,
原油加工設備,輕油,,20,4,,原油x1+柴薪x4,一般,1,,,,
原油加工設備,重油,,20,5,,原油x1+柴薪x2,一般,1,,,,
原油加工設備,焦油,,20,3,,原油x1+木炭x3+柴薪x5,一般,1,,,,
原油加工設備,瓦斯,,0,6,,柴薪x1,一般,3,,,,
原油加工設備,石油,,15,7,,原油x5+柴薪x8,一般,1,,,,
原油加工設備,無鉛汽油,,20,7,,石油x2+柴薪x12,一般,1,,,,
原油加工設備,高級汽油,,25,9,,石油x4+柴薪x15,一般,1,,,,
原油加工設備,柴油,,20,6,,原油x5+柴薪x6,一般,1,,,,
自動濾水器,純水,,0,2,,海水x4,一般,1,,,,
自動濾水器,桶裝開水,,25,4,,煮沸的水x12+柴薪x4,一般,1,,,,
自動濾水器,桶裝熱開水,,25,4,,沸騰的水x12,一般,1,,,,
起重機,飛船浮力裝置,,42,9,4x3,飛船的骨架x1+飛船氣球x1+高度調整閥x1+氫氣產生器x1,零件,1,,,,
自動紡紗機,魔法毛線球,,10,5,,棉線x12+羊毛x8+染料x4,零件,1,,,,
自動紡紗機,連結繩,,2,2,,棉線x2+麻線x2,零件,1,,,,
自動紡紗機,拉索,,2,6,,麻線x4,零件,1,,,,
自動織布機,麻毯,,1,2,,麻布x2+麻線x5,零件,1,,,,
自動織布機,汽球,,32,5,2x2,氣密劑x1+棉布x10+麻線x5,零件,1,,,,
自動織布機,飛船氣球,,32,12,4x3,氣密劑x3+棉布x5,零件,1,,,,
自動織布機,船帆,,32,6,3x2,麻線x4+麻布x4+氣密劑x3,零件,1,,,,
自動織布機,沙發,,16,10,3x3,棉布x4+尼龍x1+鐵絲x3+麻線x5,傢俱,1,,,,
自動織布機,小地毯,,4,5,3x2,尼龍x1+棉線x2+麻線x2,傢俱,1,,,,
自動織布機,波斯地毯,,8,3,4x2,尼龍x6+棉線x8+麻線x4,傢俱,1,,,,
自動織布機,土耳其地毯,,8,3,4x2,尼龍x6+棉線x8+麻線x4,傢俱,1,,,,
自動織布機,塌塌米,,5,2,2x1,麻草x20+蔓草x10+柔軟的藤蔓x5,傢俱,1,,,,
自動織布機,塌塌米,,5,2,2x1,麻草x20+蔓草x10+柔軟的藤蔓x5,傢俱,1,,,,
自動織布機,純白小沙發,,20,12,2x2,白羊皮x5+尼龍x1+鐵絲x3+麻線x5+檜木材x4,傢俱,1,,,,
自動織布機,雙人沙發,,20,12,3x3,白羊皮x10+尼龍x1+鐵絲x5+麻線x10+檜木材x4,傢俱,1,,,,
自動織布機,魔毯,,32,3,4x2,麻線x5+棉線x5+蔓草x5+白狐狸毛x2+不死島之羽x2,交通工具,1,,,,
大型組裝工具,蒸汽船主體,,30,11,5x4,大型絞盤x1+蒸汽船骨架x1+推進輪x2,零件,1,,,,
大型組裝工具,電梯,,30,30,3x5,連結齒輪組x3+精密配線裝置x1+電纜線x2+合金x5+AC馬達x1,器具,1,,,,
大型組裝工具,熱氣球,,30,4,5x3,熱氣球吊籃x1+連結繩x5+沙袋x4+燃燒器x1+汽球x1,交通工具,1,,,,
大型組裝工具,飛行船,,30,7,4x5,推進器x1+氫氣產生器x1+飛船掌舵裝置x1+飛船浮力裝置x1+飛船船艙x1,交通工具,1,,,,
大型組裝工具,人力飛機,,60,6,4x3,人力飛機的骨架x1+機翼x1+木製踏板x1+飛機啟動裝置x1+飛機控制裝置x1,交通工具,1,,,,
大型組裝工具,帆船,,42,3,5x5,輔助動力裝置x1+帆船主動力裝置x1+帆船船體x1+帆船掌舵裝置x1+帆船的甲板x1,交通工具,1,,,,
大型組裝工具,蒸氣船,,30,5,4x4,蒸汽船啟動裝置x1+蒸汽船主體x1+蒸汽船掌舵裝置x1+蒸汽船船艙x1,交通工具,1,,,,
大型組裝工具,機車,,50,7,3x3,陶瓷汽缸x1+壓克力板x5+軸承x1+小型引擎x1+輪胎x2,交通工具,1,,,,
大型組裝工具,金龜車,,60,8,4x4,鋼材x9+軸承x2+大型引擎x1+輪胎x4,交通工具,1,,,,
大型組裝工具,敞篷車,,60,8,4x3,鋼材x7+軸承x3+大型引擎x1+輪胎x4,交通工具,1,,,,
大型組裝工具,遊艇,,60,6,5x4,DC發電機x2+主桅杆x1+大型絞盤x1+小型引擎x2+鋼材x10,交通工具,1,,,,
大型組裝工具,飛碟,,60,9,5x4,反重力裝置x1+精密電路x3+磁浮螺x1+環型天線x2+鋼材x8,交通工具,1,,,,
大型組裝工具,潛水艇,,60,11,5x5,推進器x3+浮力調節裝置x1+80mm強化玻璃x2+鈦鋼球體x1+360度潛望鏡x1,交通工具,1,,,,
大型組裝工具,太空登陸艇,,60,10,5x5,鈦鋼球體x1+登陸腳架x2+推進器x4+精密電路x2+反重力裝置x1,交通工具,1,,,,
大型組裝工具,刺拒,,180,1,2x2,麻繩x50+檜木材x200+鋼材x16+毒汁x8,攻城,1,,,,
流理台,熟米飯,,0,2,,稻米x1+瓦斯x1,食物,2,,,,
流理台,米酒頭,,0,3,,稻米x5+瓦斯x1,食物,2,,,,
流理台,細米粉,,0,2,,稻米x2+瓦斯x1,食物,2,,,,
流理台,鮮蝦米粉,,0,4,,細米粉x2+高麗菜x1+蝦子x2+瓦斯x1,食物,2,,,,
流理台,豬肉米粉,,0,4,,細米粉x2+高麗菜x1+豬肉x1+瓦斯x1,食物,2,,,,
流理台,精緻火腿,,0,6,,豬肉x3+瓦斯x1,食物,2,,,,
流理台,高纖麵包,,0,2,,大麥x4+瓦斯x1,食物,2,,,,
流理台,豬肉包子,,0,4,,大麥x2+豬肉x1+瓦斯x1,食物,1,,,,
流理台,菜肉湯包,,0,4,,大麥x1+豬肉x1+高麗菜x1+瓦斯x1,食物,1,,,,
流理台,大叉燒包,,0,5,,大麥x2+豬肉x2+高麗菜x1+蔥x1+瓦斯x1,食物,1,,,,
流理台,大饅頭,,0,4,,大麥x5+大豆x6+芝麻油x2+瓦斯x1,食物,1,,,,
流理台,炸豬肉丸,,0,5,,豬肉x3+蔥x1+瓦斯x1,食物,1,,,,
流理台,奶油起士,,0,5,,牛奶x2+瓦斯x1,食物,2,,,,
流理台,甜布丁,,0,6,,牛奶x3+雞蛋x1+瓦斯x1,食物,1,,,,
流理台,蔥蛋,,0,3,,雞蛋x1+蔥x1+瓦斯x1,食物,1,,,,
流理台,火腿蛋炒飯,,0,5,,雞蛋x1+熟米飯x2+豬肉x1+瓦斯x1,食物,1,,,,
流理台,排骨叉燒飯,,0,8,,熟米飯x2+豬肉x2+蔥x2+地瓜葉x2+瓦斯x1,食物,2,,,,
流理台,海鮮泡飯,,0,9,,熟米飯x2+墨魚x2+蝦子x2+章魚x2+瓦斯x1,食物,2,,,,
流理台,海鮮快鍋,,0,8,,鵪鶉蛋x1+墨魚x1+蝦子x2+瓦斯x1,食物,1,,,,
流理台,綜合可麗餅,,0,12,,雞蛋x1+麵粉x1+香蕉x1+燻雞肉x2+瓦斯x1,食物,1,,,,
流理台,大蛋塔,,0,5,,雞蛋x2+麵粉x1+瓦斯x1,食物,1,,,,
流理台,草莓蛋糕,,0,4,,雞蛋x1+麵粉x1+草莓x2+瓦斯x1,食物,1,,,,
流理台,紅燒豬肉麵,,0,7,,麵條x2+豬肉x1+A菜x2+蔥x2+瓦斯x1,食物,1,,,,
流理台,香嫩豆腐,,0,2,,黃豆x10+瓦斯x1,食物,2,,,,
流理台,雞蛋嫩豆腐,,0,4,,黃豆x5+雞蛋x1+瓦斯x1,食物,1,,,,
流理台,皮蛋白豆腐,,0,7,,黃豆x5+嫩皮蛋x1+瓦斯x1,食物,1,,,,
流理台,蔥爆豬肉,,0,5,,豬肉x2+蔥x4+瓦斯x1,食物,1,,,,
流理台,海鮮披薩,,0,5,,麵粉x2+蝦子x2+蟹肉x2+瓦斯x1,食物,1,,,,
流理台,綜合肉麵,,0,14,,麵條x2+牛肉x1+雞肉x1+羊肉x1+瓦斯x1,食物,1,,,,
流理台,青菜麵,,0,5,,麵條x2+空心菜x2+蔥x2+瓦斯x1,食物,1,,,,
流理台,菜肉麵,,0,10,,麵條x2+地瓜葉x2+雞肉x1+豬肉x1+瓦斯x1,食物,1,,,,
流理台,香菜海鮮麵,,2,9,,麵條x2+鮭魚x1+鮪魚x1+香菜x2+瓦斯x1,食物,1,,,,
流理台,香蒜綜合麵,,0,10,,麵條x2+豬肉x2+鮪魚x2+蒜x1+瓦斯x1,食物,1,,,,
流理台,香酥麻雀,,0,5,,麻雀肉x1+大蒜x2+洋蔥x1+瓦斯x1,食物,1,,,,
流理台,香酥乳鴿,,0,6,,鴿肉x1+大蒜x2+洋蔥x1+瓦斯x1,食物,1,,,,
流理台,蛋炒吻仔魚,,0,5,,吻仔魚x2+雞蛋x2+蔥x2+瓦斯x1,食物,1,,,,
流理台,吻仔魚泡飯,,0,3,,吻仔魚x3+熟米飯x1+蔥x2+瓦斯x2,食物,1,,,,
流理台,蟹肉粥,,0,5,,蟹肉x2+熟米飯x2+蔥x3+瓦斯x1,食物,2,,,,
流理台,蔥爆胡椒蝦,,0,2,,蝦子x2+蔥x2+瓦斯x1,食物,1,,,,
流理台,燒酒酥蝦,,0,5,,蝦子x2+米酒頭x1+蔥x2+瓦斯x1,食物,1,,,,
流理台,蒜烤烏賊,,0,7,,烏賊x2+大蒜x2+洋蔥x1+瓦斯x1,食物,1,,,,
流理台,香菜吳郭魚,,0,4,,吳郭魚x1+香菜x2+蔥x2+大蒜x2+瓦斯x1,食物,1,,,,
流理台,醬爆鰻魚,,0,5,,鰻魚x1+香菜x2+蔥x2+瓦斯x1,食物,1,,,,
流理台,酥炸鱈魚,,1,4,,鱈魚x1+香菜x2+蔥x2+瓦斯x1,食物,1,,,,
流理台,蔥燒黃魚,,0,4,,黃魚x1+香菜x2+蔥x2+瓦斯x1,食物,1,,,,
流理台,米醉雞,,1,7,,雞肉x1+米酒頭x2+蔥x2+瓦斯x1,食物,1,,,,
流理台,嫩皮蛋,,0,5,,鴨蛋x1+氨水x1+瓦斯x1,食物,1,,,,
流理台,可口珍奶,,0,12,,茶葉x2+牛奶x1+粉圓x2+糖x1,食物,3,,,,
流理台,熟黃魚,,0,4,,黃魚x4+瓦斯x1,食物,5,,,,
流理台,熟吳郭魚,,0,3,,吳郭魚x4+瓦斯x1,食物,5,,,,
流理台,熟吻仔魚,,0,2,,吻仔魚x8+瓦斯x1,食物,5,,,,
流理台,熟沙丁魚,,0,4,,沙丁魚x4+瓦斯x1,食物,5,,,,
流理台,熟鱈魚,,0,5,,鱈魚x4+瓦斯x1,食物,5,,,,
流理台,熟鮭魚,,0,6,,鮭魚x4+瓦斯x1,食物,5,,,,
流理台,香鰻魚,,0,7,,鰻魚x4+瓦斯x1,食物,5,,,,
流理台,熟鮪魚,,0,8,,鮪魚x4+瓦斯x1,食物,5,,,,
流理台,熟河豚,,0,9,,河豚x4+瓦斯x1,食物,5,,,,
流理台,可口章魚,,0,5,,章魚x4+瓦斯x1,食物,5,,,,
流理台,熟墨魚,,0,6,,墨魚x4+瓦斯x1,食物,5,,,,
流理台,熟烏賊,,0,7,,烏賊x4+瓦斯x1,食物,5,,,,
流理台,熟蝦,,0,2,,蝦子x4+瓦斯x1,食物,5,,,,
流理台,熟蟹肉,,0,6,,蟹肉x4+瓦斯x1,食物,5,,,,
流理台,蕃茄蛋,,0,5,,蕃茄x2+雞蛋x1+瓦斯x1,食物,5,,,,
流理台,快炒高麗菜,,0,2,,高麗菜x4+瓦斯x1,食物,5,,,,
流理台,快炒芹菜,,0,2,,芹菜x4+瓦斯x1,食物,5,,,,
流理台,快炒菠菜,,0,3,,菠菜x4+瓦斯x1,食物,5,,,,
流理台,快炒空心菜,,0,2,,空心菜x4+瓦斯x1,食物,5,,,,
流理台,快炒地瓜葉,,0,2,,地瓜葉x4+瓦斯x1,食物,5,,,,
流理台,快炒絲瓜,,0,2,,絲瓜x4+瓦斯x1,食物,5,,,,
流理台,快炒胡瓜,,0,3,,胡瓜x4+瓦斯x1,食物,5,,,,
流理台,快炒冬瓜,,0,3,,冬瓜x4+瓦斯x1,食物,5,,,,
流理台,快炒白羅蔔,,0,2,,白羅蔔x4+瓦斯x1,食物,5,,,,
流理台,快炒紅羅蔔,,0,2,,紅羅蔔x4+瓦斯x1,食物,5,,,,
流理台,碳烤牛肉片,,0,5,,牛肉x2+瓦斯x1,食物,3,,,,
流理台,碳烤雞肉片,,0,4,,雞肉x2+瓦斯x1,食物,3,,,,
流理台,碳烤羊肉片,,0,4,,羊肉x2+瓦斯x1,食物,3,,,,
流理台,碳烤豬肉片,,0,4,,豬肉x2+瓦斯x1,食物,3,,,,
流理台,碳烤虎肉片,,0,5,,老虎肉x2+瓦斯x1,食物,3,,,,
流理台,碳烤鵝肉片,,0,4,,鵝肉x2+瓦斯x1,食物,3,,,,
流理台,碳烤狗肉片,,0,4,,狗肉x2+瓦斯x1,食物,3,,,,
流理台,烤袋鼠肉片,,0,5,,袋鼠肉x2+瓦斯x1,食物,3,,,,
流理台,烤鴕鳥肉片,,0,5,,鴕鳥肉x2+瓦斯x1,食物,3,,,,
流理台,碳烤鴨肉片,,0,4,,鴨肉x2+瓦斯x1,食物,3,,,,
流理台,碳烤蛇肉片,,0,3,,蛇肉x2+瓦斯x1,食物,3,,,,
流理台,碳烤狼肉片,,0,3,,狼肉x2+瓦斯x1,食物,3,,,,
流理台,人參雞湯,,2,8,,人參x3+雞肉x1,食物,1,,,,
流理台,長白參燉雞,,8,15,,長白人參x1+雞肉x1,食物,1,,,,
流理台,靈芝參雞湯,,0,17,,長白人參x2+靈芝x1+雞肉x1,食物,1,,,,
流理台,快炒白菜,,0,2,,白菜x4+瓦斯x1,食物,5,,,,
流理台,快炒九層塔,,0,3,,九層塔x4+瓦斯x1,食物,5,,,,
流理台,恐鳥肉片,,0,4,,恐鳥肉x2+瓦斯x1,食物,3,,,,
流理台,熟鹹鴨蛋,,0,4,,鴨蛋x4+海鹽x1+瓦斯x1,食物,5,,,,
流理台,熟鵪鶉蛋,,0,2,,鵪鶉蛋x4+瓦斯x1,食物,5,,,,
流理台,沸騰的水,,1,3,,淡水x1+瓦斯x4,一般,1,,,,
冰箱,碎冰袋,,24,2,,純水x10+棉布x2+麻線x3,裝備,1,,,,
冰箱,水果聖代,,1,10,,綜合果汁x1+蘋果x1+香蕉x1+草莓x1,食物,1,,,,
冰箱,鳳梨冰棒,,1,5,,鳳梨汁x1+純水x1,食物,3,,,,
冰箱,蘋果冰棒,,1,5,,蘋果汁x1+純水x1,食物,3,,,,
冰箱,橘子冰棒,,1,3,,橘子汁x1+純水x1,食物,3,,,,
冰箱,果汁冰棒,,1,7,,綜合果汁x1+純水x1,食物,3,,,,
冰箱,葡萄冰淇淋,,1,3,,葡萄汁x1+純水x1,食物,3,,,,
冰箱,水蜜桃冰淇淋,,1,4,,水蜜桃汁x1+純水x1,食物,3,,,,
冰箱,芒果冰淇淋,,1,4,,芒果汁x1+純水x1,食物,3,,,,
冰箱,冰塊,,3,1,,純水x5,零件,1,,,,
冰箱,冰磚,,3,2,,冰塊x3,零件,1,,,,
冰箱,雪人,,4,20,2x2,冰塊x5+白色黏土x10+麻布手套x1,傢俱,1,,,,
